method,chunks,avg_duration
fixed_5,14,4.905500000000001
fixed_10,7,9.810999999999998
semantic_25,4,20.625
