method,chunks,avg_duration
fixed_2,34,2.0
fixed_5,14,4.905500000000001
spectrogram_1000,38,1.7946578947368421
